,Word,Condition,Lexicality,Size,Morphology,Frequency,Length,Zipf Frequency,Phonemes,No Stress,Part of Speech
0,solocomov,PLS,pseudo,long,simple,,9,,"['S', 'OW0', 'L', 'OW1', 'K', 'AH0', 'M', 'AO0', 'F']","['S', 'OW', 'L', 'OW', 'K', 'AH', 'M', 'AO', 'F']",
1,gostrient,PLS,pseudo,long,simple,,9,,"['G', 'AA1', 'S', 'T', 'R', 'IY0', 'EH0', 'N', 'T']","['G', 'AA', 'S', 'T', 'R', 'IY', 'EH', 'N', 'T']",
2,divestrate,PLS,pseudo,long,simple,,9,,"['D', 'IH1', 'V', 'EH0', 'S', 'T', 'R', 'EY2', 'T']","['D', 'IH', 'V', 'EH', 'S', 'T', 'R', 'EY', 'T']",
3,strusanad,PLS,pseudo,long,simple,,9,,"['S', 'T', 'R', 'UW1', 'S', 'AH0', 'N', 'AH0', 'D']","['S', 'T', 'R', 'UW', 'S', 'AH', 'N', 'AH', 'D']",
4,diuralim,PLS,pseudo,long,simple,,9,,"['D', 'AY0', 'Y', 'UH1', 'R', 'AH0', 'L', 'AH0', 'M']","['D', 'AY', 'Y', 'UH', 'R', 'AH', 'L', 'AH', 'M']",
5,speryborm,PLS,pseudo,long,simple,,9,,"['S', 'P', 'EH1', 'R', 'IY0', 'B', 'AO2', 'R', 'M']","['S', 'P', 'EH', 'R', 'IY', 'B', 'AO', 'R', 'M']",
6,inflegest,PLS,pseudo,long,simple,,9,,"['IH1', 'N', 'F', 'L', 'AH0', 'JH', 'EH0', 'S', 'T']","['IH', 'N', 'F', 'L', 'AH', 'JH', 'EH', 'S', 'T']",
7,balentina,PLS,pseudo,long,simple,,9,,"['B', 'AA0', 'L', 'EH0', 'N', 'T', 'IY1', 'N', 'AH0']","['B', 'AA', 'L', 'EH', 'N', 'T', 'IY', 'N', 'AH']",
8,cladwicheet,PLS,pseudo,long,simple,,9,,"['K', 'L', 'AE1', 'D', 'W', 'IH0', 'CH', 'IY2', 'T']","['K', 'L', 'AE', 'D', 'W', 'IH', 'CH', 'IY', 'T']",
9,websident,PLS,pseudo,long,simple,,9,,"['W', 'EH1', 'B', 'S', 'IH0', 'D', 'AH0', 'N', 'T']","['W', 'EH', 'B', 'S', 'IH', 'D', 'AH', 'N', 'T']",
10,livinisal,PLS,pseudo,long,simple,,9,,"['L', 'IH1', 'V', 'IH0', 'N', 'IH0', 'S', 'AH0', 'L']","['L', 'IH', 'V', 'IH', 'N', 'IH', 'S', 'AH', 'L']",
11,epirental,PLS,pseudo,long,simple,,9,,"['EH0', 'P', 'IH0', 'R', 'EH1', 'N', 'T', 'AH0', 'L']","['EH', 'P', 'IH', 'R', 'EH', 'N', 'T', 'AH', 'L']",
12,coallencite,PLS,pseudo,long,simple,,9,,"['K', 'OW0', 'AA1', 'L', 'EH0', 'N', 'S', 'AY0', 'T']","['K', 'OW', 'AA', 'L', 'EH', 'N', 'S', 'AY', 'T']",
13,notencest,PLS,pseudo,long,simple,,9,,"['N', 'OW1', 'T', 'AH0', 'N', 'S', 'AH0', 'S', 'T']","['N', 'OW', 'T', 'AH', 'N', 'S', 'AH', 'S', 'T']",
14,islaterdine,PLS,pseudo,long,simple,,9,,"['IH0', 'S', 'L', 'AA1', 'T', 'ER0', 'D', 'AY0', 'N']","['IH', 'S', 'L', 'AA', 'T', 'ER', 'D', 'AY', 'N']",
15,yesperest,PLS,pseudo,long,simple,,9,,"['Y', 'EH1', 'S', 'P', 'IH0', 'R', 'EH0', 'S', 'T']","['Y', 'EH', 'S', 'P', 'IH', 'R', 'EH', 'S', 'T']",
16,foldomence,PLS,pseudo,long,simple,,9,,"['F', 'OW1', 'L', 'D', 'AA0', 'M', 'AH0', 'N', 'S']","['F', 'OW', 'L', 'D', 'AA', 'M', 'AH', 'N', 'S']",
17,baventina,PLS,pseudo,long,simple,,9,,"['B', 'AA0', 'V', 'EH0', 'N', 'T', 'IY1', 'N', 'AH0']","['B', 'AA', 'V', 'EH', 'N', 'T', 'IY', 'N', 'AH']",
18,franciple,PLS,pseudo,long,simple,,9,,"['F', 'R', 'AE1', 'N', 'S', 'AH0', 'P', 'AH0', 'L']","['F', 'R', 'AE', 'N', 'S', 'AH', 'P', 'AH', 'L']",
19,vistormand,PLS,pseudo,long,simple,,9,,"['V', 'IH1', 'S', 'T', 'ER0', 'M', 'AE2', 'N', 'D']","['V', 'IH', 'S', 'T', 'ER', 'M', 'AE', 'N', 'D']",
20,mucipital,PLS,pseudo,long,simple,,9,,"['M', 'AH0', 'S', 'IH1', 'P', 'IH0', 'T', 'AH0', 'L']","['M', 'AH', 'S', 'IH', 'P', 'IH', 'T', 'AH', 'L']",
21,anclusent,PLS,pseudo,long,simple,,9,,"['AE1', 'N', 'K', 'L', 'UW0', 'S', 'EH2', 'N', 'T']","['AE', 'N', 'K', 'L', 'UW', 'S', 'EH', 'N', 'T']",
22,squistant,PLS,pseudo,long,simple,,9,,"['S', 'K', 'W', 'IH1', 'S', 'T', 'AH0', 'N', 'T']","['S', 'K', 'W', 'IH', 'S', 'T', 'AH', 'N', 'T']",
23,everialis,PLS,pseudo,long,simple,,9,,"['EH0', 'V', 'ER1', 'R', 'IY0', 'AH0', 'L', 'IH0', 'S']","['EH', 'V', 'ER', 'R', 'IY', 'AH', 'L', 'IH', 'S']",
24,alrelopal,PLS,pseudo,long,simple,,9,,"['AE2', 'L', 'R', 'EH0', 'L', 'AA1', 'P', 'AH0', 'L']","['AE', 'L', 'R', 'EH', 'L', 'AA', 'P', 'AH', 'L']",
25,storstent,PLS,pseudo,long,simple,,9,,"['S', 'T', 'AO1', 'R', 'S', 'T', 'AH0', 'N', 'T']","['S', 'T', 'AO', 'R', 'S', 'T', 'AH', 'N', 'T']",
26,trynkabel,PLS,pseudo,long,simple,,9,,"['T', 'R', 'IH1', 'N', 'K', 'AH0', 'B', 'EH0', 'L']","['T', 'R', 'IH', 'N', 'K', 'AH', 'B', 'EH', 'L']",
27,advantint,PLS,pseudo,long,simple,,9,,"['AE0', 'D', 'V', 'AE1', 'N', 'T', 'IH0', 'N', 'T']","['AE', 'D', 'V', 'AE', 'N', 'T', 'IH', 'N', 'T']",
28,honofecine,PLS,pseudo,long,simple,,9,,"['HH', 'OW0', 'N', 'OW1', 'F', 'AH0', 'S', 'IY2', 'N']","['HH', 'OW', 'N', 'OW', 'F', 'AH', 'S', 'IY', 'N']",
29,reasoduct,PLS,pseudo,long,simple,,9,,"['R', 'IY2', 'AH0', 'S', 'OW1', 'D', 'AH0', 'K', 'T']","['R', 'IY', 'AH', 'S', 'OW', 'D', 'AH', 'K', 'T']",
30,stogriture,PLS,pseudo,long,simple,,9,,"['S', 'T', 'OW1', 'G', 'R', 'IH0', 'CH', 'ER0', 'IY0']","['S', 'T', 'OW', 'G', 'R', 'IH', 'CH', 'ER', 'IY']",
31,sigrusachy,PLS,pseudo,long,simple,,9,,"['S', 'IY1', 'G', 'R', 'UW0', 'S', 'AH1', 'CH', 'IY0']","['S', 'IY', 'G', 'R', 'UW', 'S', 'AH', 'CH', 'IY']",
32,wisconsus,PLS,pseudo,long,simple,,9,,"['W', 'IH1', 'S', 'K', 'AH0', 'N', 'S', 'AH0', 'Z']","['W', 'IH', 'S', 'K', 'AH', 'N', 'S', 'AH', 'Z']",
33,innough,PSC,pseudo,short,complex,,3,,"['IH0', 'N', 'AW1']","['IH', 'N', 'AW']",
34,authed,PSC,pseudo,short,complex,,3,,"['AO1', 'TH', 'T']","['AO', 'TH', 'T']",
35,acooh,PSC,pseudo,short,complex,,3,,"['AH0', 'K', 'UW1']","['AH', 'K', 'UW']",
36,eitter,PSC,pseudo,short,complex,,3,,"['AY1', 'T', 'ER0']","['AY', 'T', 'ER']",
37,knowee,PSC,pseudo,short,complex,,3,,"['N', 'OW1', 'IY0']","['N', 'OW', 'IY']",
38,thitch,PSC,pseudo,short,complex,,3,,"['TH', 'IH1', 'CH']","['TH', 'IH', 'CH']",
39,whowi,PSC,pseudo,short,complex,,3,,"['HH', 'UW1', 'IY0']","['HH', 'UW', 'IY']",
40,weas,PSC,pseudo,short,complex,,3,,"['W', 'IY1', 'Z']","['W', 'IY', 'Z']",
41,emmed,PSC,pseudo,short,complex,,3,,"['EH1', 'M', 'D']","['EH', 'M', 'D']",
42,aggy,PSC,pseudo,short,complex,,3,,"['AE1', 'G', 'IY0']","['AE', 'G', 'IY']",
43,ipper,PSC,pseudo,short,complex,,3,,"['IH1', 'P', 'ER0']","['IH', 'P', 'ER']",
44,soer,PSC,pseudo,short,complex,,3,,"['S', 'AO1', 'R']","['S', 'AO', 'R']",
45,ealer,PSC,pseudo,short,complex,,3,,"['IY1', 'L', 'ER0']","['IY', 'L', 'ER']",
46,oddie,PSC,pseudo,short,complex,,3,,"['AA1', 'D', 'IY0']","['AA', 'D', 'IY']",
47,uppay,PSC,pseudo,short,complex,,3,,"['AH0', 'P', 'AY1']","['AH', 'P', 'AY']",
48,gews,PSC,pseudo,short,complex,,3,,"['G', 'UW1', 'Z']","['G', 'UW', 'Z']",
49,dees,PSC,pseudo,short,complex,,3,,"['D', 'IY1', 'Z']","['D', 'IY', 'Z']",
50,onth,PSC,pseudo,short,complex,,3,,"['AH1', 'N', 'TH']","['AH', 'N', 'TH']",
51,towy,PSC,pseudo,short,complex,,3,,"['T', 'OW1', 'IY0']","['T', 'OW', 'IY']",
52,eames,PSC,pseudo,short,complex,,3,,"['IY1', 'M', 'Z']","['IY', 'M', 'Z']",
53,earts,PSC,pseudo,short,complex,,3,,"['ER1', 'T', 'S']","['ER', 'T', 'S']",
54,attrow,PSC,pseudo,short,complex,,4,,"['AE1', 'T', 'R', 'OW0']","['AE', 'T', 'R', 'OW']",
55,apprew,PSC,pseudo,short,complex,,4,,"['AH0', 'P', 'R', 'UW1']","['AH', 'P', 'R', 'UW']",
56,ront,PSC,pseudo,short,complex,,4,,"['R', 'AA1', 'N', 'T']","['R', 'AA', 'N', 'T']",
57,assock,PSC,pseudo,short,complex,,4,,"['AE1', 'S', 'AH0', 'K']","['AE', 'S', 'AH', 'K']",
58,obsough,PSC,pseudo,short,complex,,4,,"['AA1', 'B', 'S', 'OW0']","['AA', 'B', 'S', 'OW']",
59,opty,PSC,pseudo,short,complex,,4,,"['AA1', 'P', 'T', 'IY0']","['AA', 'P', 'T', 'IY']",
60,ourain,PSC,pseudo,short,complex,,4,,"['AW0', 'R', 'EY1', 'N']","['AW', 'R', 'EY', 'N']",
61,thowtee,PSC,pseudo,short,complex,,4,,"['TH', 'AW1', 'T', 'IY0']","['TH', 'AW', 'T', 'IY']",
62,joro,PSC,pseudo,short,complex,,4,,"['JH', 'AO1', 'R', 'OW0']","['JH', 'AO', 'R', 'OW']",
63,temough,PSC,pseudo,short,complex,,4,,"['T', 'EH1', 'M', 'AW0']","['T', 'EH', 'M', 'AW']",
64,enfor,PSC,pseudo,short,complex,,4,,"['EH1', 'N', 'F', 'ER0']","['EH', 'N', 'F', 'ER']",
65,occone,PSC,pseudo,short,complex,,4,,"['AH0', 'K', 'OW1', 'N']","['AH', 'K', 'OW', 'N']",
66,weefer,PSC,pseudo,short,complex,,4,,"['W', 'IY1', 'F', 'ER0']","['W', 'IY', 'F', 'ER']",
67,uness,PSC,pseudo,short,complex,,4,,"['AH0', 'N', 'EH1', 'S']","['AH', 'N', 'EH', 'S']",
68,anyth,PSC,pseudo,short,complex,,4,,"['EH1', 'N', 'IY0', 'TH']","['EH', 'N', 'IY', 'TH']",
69,illume,PSC,pseudo,short,complex,,4,,"['IH0', 'L', 'UW1', 'M']","['IH', 'L', 'UW', 'M']",
70,itsear,PSC,pseudo,short,complex,,4,,"['IH0', 'T', 'S', 'ER0']","['IH', 'T', 'S', 'ER']",
71,buylow,PSC,pseudo,short,complex,,4,,"['B', 'AY1', 'L', 'OW2']","['B', 'AY', 'L', 'OW']",
72,edio,PSC,pseudo,short,complex,,4,,"['IY1', 'D', 'IY0', 'OW0']","['IY', 'D', 'IY', 'OW']",
73,showic,PSC,pseudo,short,complex,,4,,"['SH', 'OW1', 'IH0', 'K']","['SH', 'OW', 'IH', 'K']",
74,dommer,PSC,pseudo,short,complex,,4,,"['D', 'AA1', 'M', 'ER0']","['D', 'AA', 'M', 'ER']",
75,appore,PSC,pseudo,short,complex,,4,,"['AH0', 'P', 'AO1', 'R']","['AH', 'P', 'AO', 'R']",
76,leauter,PSC,pseudo,short,complex,,4,,"['L', 'UW1', 'T', 'ER0']","['L', 'UW', 'T', 'ER']",
77,neetched,PSC,pseudo,short,complex,,4,,"['N', 'IY1', 'CH', 'T']","['N', 'IY', 'CH', 'T']",
78,shoughty,PSC,pseudo,short,complex,,4,,"['SH', 'AW1', 'T', 'IY0']","['SH', 'AW', 'T', 'IY']",
79,givy,PSC,pseudo,short,complex,,4,,"['G', 'IY1', 'V', 'IY0']","['G', 'IY', 'V', 'IY']",
80,anym,PSC,pseudo,short,complex,,4,,"['AE1', 'N', 'IH0', 'M']","['AE', 'N', 'IH', 'M']",
81,outshase,PSC,pseudo,short,complex,,4,,"['AW1', 'CH', 'EY2', 'S']","['AW', 'CH', 'EY', 'S']",
82,eithing,PSC,pseudo,short,complex,,4,,"['AY1', 'DH', 'IH0', 'NG']","['AY', 'DH', 'IH', 'NG']",
83,unall,PSC,pseudo,short,complex,,4,,"['AH0', 'N', 'AE1', 'L']","['AH', 'N', 'AE', 'L']",
84,favy,PSC,pseudo,short,complex,,4,,"['F', 'EY1', 'V', 'IY0']","['F', 'EY', 'V', 'IY']",
85,wouther,PSC,pseudo,short,complex,,4,,"['W', 'AH1', 'DH', 'ER0']","['W', 'AH', 'DH', 'ER']",
86,joursed,PSC,pseudo,short,complex,,4,,"['JH', 'ER1', 'Z', 'D']","['JH', 'ER', 'Z', 'D']",
87,autching,PSC,pseudo,short,complex,,4,,"['AO1', 'CH', 'IH0', 'NG']","['AO', 'CH', 'IH', 'NG']",
88,perfer,PSC,pseudo,short,complex,,4,,"['P', 'ER1', 'F', 'ER0']","['P', 'ER', 'F', 'ER']",
89,anot,PSC,pseudo,short,complex,,4,,"['AH0', 'N', 'OW1', 'T']","['AH', 'N', 'OW', 'T']",
90,issort,PSC,pseudo,short,complex,,4,,"['IH1', 'S', 'ER0', 'T']","['IH', 'S', 'ER', 'T']",
91,alop,PSC,pseudo,short,complex,,4,,"['AE1', 'L', 'AH0', 'P']","['AE', 'L', 'AH', 'P']",
92,unerge,PSC,pseudo,short,complex,,4,,"['AH0', 'N', 'ER1', 'JH']","['AH', 'N', 'ER', 'JH']",
93,deller,PSC,pseudo,short,complex,,4,,"['D', 'EH1', 'L', 'ER0']","['D', 'EH', 'L', 'ER']",
94,enit,PSC,pseudo,short,complex,,4,,"['EH1', 'N', 'IH0', 'T']","['EH', 'N', 'IH', 'T']",
95,valo,PSC,pseudo,short,complex,,4,,"['V', 'AA1', 'L', 'OW0']","['V', 'AA', 'L', 'OW']",
96,defoo,PSC,pseudo,short,complex,,4,,"['D', 'EH1', 'F', 'UW0']","['D', 'EH', 'F', 'UW']",
97,jermer,PSC,pseudo,short,complex,,4,,"['JH', 'ER1', 'M', 'ER0']","['JH', 'ER', 'M', 'ER']",
98,irreed,PSC,pseudo,short,complex,,4,,"['IH0', 'R', 'IY1', 'D']","['IH', 'R', 'IY', 'D']",
99,paylow,PSC,pseudo,short,complex,,4,,"['P', 'EY1', 'L', 'OW2']","['P', 'EY', 'L', 'OW']",
100,octime,PSC,pseudo,short,complex,,5,,"['AA1', 'K', 'T', 'IY0', 'M']","['AA', 'K', 'T', 'IY', 'M']",
101,whomat,PSC,pseudo,short,complex,,5,,"['HH', 'OW1', 'M', 'AE2', 'T']","['HH', 'OW', 'M', 'AE', 'T']",
102,opist,PSC,pseudo,short,complex,,5,,"['OW1', 'P', 'IH0', 'S', 'T']","['OW', 'P', 'IH', 'S', 'T']",
103,govio,PSC,pseudo,short,complex,,5,,"['G', 'OW1', 'V', 'IY0', 'OW0']","['G', 'OW', 'V', 'IY', 'OW']",
104,bilway,PSC,pseudo,short,complex,,5,,"['B', 'IH1', 'L', 'W', 'EY2']","['B', 'IH', 'L', 'W', 'EY']",
105,ecorg,PSC,pseudo,short,complex,,5,,"['IY1', 'K', 'AO0', 'R', 'G']","['IY', 'K', 'AO', 'R', 'G']",
106,radice,PSC,pseudo,short,complex,,5,,"['R', 'AE1', 'D', 'IH0', 'S']","['R', 'AE', 'D', 'IH', 'S']",
107,soput,PSC,pseudo,short,complex,,5,,"['S', 'OW1', 'P', 'AH0', 'T']","['S', 'OW', 'P', 'AH', 'T']",
108,himem,PSC,pseudo,short,complex,,5,,"['HH', 'IH1', 'M', 'AH0', 'M']","['HH', 'IH', 'M', 'AH', 'M']",
109,sachno,PSC,pseudo,short,complex,,5,,"['S', 'AE1', 'K', 'N', 'OW0']","['S', 'AE', 'K', 'N', 'OW']",
110,uncrow,PSC,pseudo,short,complex,,5,,"['AH1', 'N', 'K', 'R', 'AW0']","['AH', 'N', 'K', 'R', 'AW']",
111,bulfor,PSC,pseudo,short,complex,,5,,"['B', 'UH1', 'L', 'F', 'ER0']","['B', 'UH', 'L', 'F', 'ER']",
112,nonver,PSC,pseudo,short,complex,,5,,"['N', 'AA1', 'N', 'V', 'ER0']","['N', 'AA', 'N', 'V', 'ER']",
113,defork,PSC,pseudo,short,complex,,5,,"['D', 'EH1', 'F', 'ER0', 'K']","['D', 'EH', 'F', 'ER', 'K']",
114,biomo,PSC,pseudo,short,complex,,5,,"['B', 'IY0', 'OW1', 'M', 'OW0']","['B', 'IY', 'OW', 'M', 'OW']",
115,advio,PSC,pseudo,short,complex,,5,,"['AE1', 'D', 'V', 'IY0', 'OW2']","['AE', 'D', 'V', 'IY', 'OW']",
116,mullboy,PSC,pseudo,short,complex,,5,,"['M', 'AH1', 'L', 'B', 'OY2']","['M', 'AH', 'L', 'B', 'OY']",
117,aggrat,PSC,pseudo,short,complex,,5,,"['AE1', 'G', 'R', 'AE0', 'T']","['AE', 'G', 'R', 'AE', 'T']",
118,befic,PSC,pseudo,short,complex,,5,,"['B', 'IH0', 'F', 'IH1', 'K']","['B', 'IH', 'F', 'IH', 'K']",
119,assasy,PSC,pseudo,short,complex,,5,,"['AH0', 'S', 'AA1', 'S', 'IY0']","['AH', 'S', 'AA', 'S', 'IY']",
120,anymed,PSC,pseudo,short,complex,,5,,"['AH0', 'N', 'IY1', 'M', 'D']","['AH', 'N', 'IY', 'M', 'D']",
121,invor,PSC,pseudo,short,complex,,5,,"['IH0', 'N', 'V', 'AO1', 'R']","['IH', 'N', 'V', 'AO', 'R']",
122,ferside,PSC,pseudo,short,complex,,5,,"['F', 'ER1', 'S', 'AY2', 'D']","['F', 'ER', 'S', 'AY', 'D']",
123,teetin,PSC,pseudo,short,complex,,5,,"['T', 'IY1', 'T', 'IH0', 'N']","['T', 'IY', 'T', 'IH', 'N']",
124,getert,PSC,pseudo,short,complex,,5,,"['G', 'EH1', 'T', 'ER0', 'T']","['G', 'EH', 'T', 'ER', 'T']",
125,recause,PSC,pseudo,short,complex,,5,,"['R', 'IY1', 'K', 'AW0', 'S']","['R', 'IY', 'K', 'AW', 'S']",
126,mushin,PSC,pseudo,short,complex,,5,,"['M', 'AH1', 'SH', 'IH0', 'N']","['M', 'AH', 'SH', 'IH', 'N']",
127,redwee,PSC,pseudo,short,complex,,5,,"['R', 'EH1', 'D', 'W', 'IY2']","['R', 'EH', 'D', 'W', 'IY']",
128,himby,PSC,pseudo,short,complex,,5,,"['HH', 'IH1', 'M', 'B', 'IY0']","['HH', 'IH', 'M', 'B', 'IY']",
129,eurown,PSC,pseudo,short,complex,,5,,"['Y', 'UW1', 'R', 'AW0', 'N']","['Y', 'UW', 'R', 'AW', 'N']",
130,mintai,PSC,pseudo,short,complex,,5,,"['M', 'IH0', 'N', 'T', 'AY1']","['M', 'IH', 'N', 'T', 'AY']",
131,pertat,PSC,pseudo,short,complex,,5,,"['P', 'ER1', 'T', 'AH0', 'T']","['P', 'ER', 'T', 'AH', 'T']",
132,perlic,PSC,pseudo,short,complex,,5,,"['P', 'ER1', 'L', 'IH0', 'K']","['P', 'ER', 'L', 'IH', 'K']",
133,cervided,PLC,pseudo,long,complex,,7,,"['S', 'ER1', 'V', 'AY1', 'D', 'AH0', 'D']","['S', 'ER', 'V', 'AY', 'D', 'AH', 'D']",
134,intipal,PLC,pseudo,long,complex,,7,,"['IH1', 'N', 'T', 'IH0', 'P', 'AH0', 'L']","['IH', 'N', 'T', 'IH', 'P', 'AH', 'L']",
135,pubsides,PLC,pseudo,long,complex,,7,,"['P', 'AH1', 'B', 'S', 'AY2', 'D', 'Z']","['P', 'AH', 'B', 'S', 'AY', 'D', 'Z']",
136,desocio,PLC,pseudo,long,complex,,7,,"['D', 'AH0', 'S', 'OW1', 'SH', 'IY0', 'OW0']","['D', 'AH', 'S', 'OW', 'SH', 'IY', 'OW']",
137,buitines,PLC,pseudo,long,complex,,7,,"['B', 'Y', 'UW1', 'T', 'IY2', 'N', 'Z']","['B', 'Y', 'UW', 'T', 'IY', 'N', 'Z']",
138,editral,PLC,pseudo,long,complex,,7,,"['EH1', 'D', 'AH0', 'T', 'R', 'AH0', 'L']","['EH', 'D', 'AH', 'T', 'R', 'AH', 'L']",
139,publity,PLC,pseudo,long,complex,,7,,"['P', 'AH1', 'B', 'L', 'IH0', 'T', 'IY0']","['P', 'AH', 'B', 'L', 'IH', 'T', 'IY']",
140,hargings,PLC,pseudo,long,complex,,7,,"['HH', 'AA1', 'R', 'JH', 'IH0', 'NG', 'Z']","['HH', 'AA', 'R', 'JH', 'IH', 'NG', 'Z']",
141,beanspore,PLC,pseudo,long,complex,,7,,"['B', 'IY1', 'N', 'S', 'P', 'AO2', 'R']","['B', 'IY', 'N', 'S', 'P', 'AO', 'R']",
142,brovelf,PLC,pseudo,long,complex,,7,,"['B', 'R', 'OW1', 'V', 'EH0', 'L', 'F']","['B', 'R', 'OW', 'V', 'EH', 'L', 'F']",
143,himilays,PLC,pseudo,long,complex,,7,,"['HH', 'IH1', 'M', 'AH0', 'L', 'EY2', 'S']","['HH', 'IH', 'M', 'AH', 'L', 'EY', 'S']",
144,canuted,PLC,pseudo,long,complex,,7,,"['K', 'AH0', 'N', 'UW1', 'T', 'AH0', 'D']","['K', 'AH', 'N', 'UW', 'T', 'AH', 'D']",
145,bampion,PLC,pseudo,long,complex,,7,,"['B', 'AE1', 'M', 'P', 'IY0', 'AH0', 'N']","['B', 'AE', 'M', 'P', 'IY', 'AH', 'N']",
146,tweecty,PLC,pseudo,long,complex,,7,,"['T', 'W', 'EH1', 'T', 'S', 'K', 'IY0']","['T', 'W', 'EH', 'T', 'S', 'K', 'IY']",
147,actitome,PLC,pseudo,long,complex,,7,,"['AE1', 'K', 'T', 'IH0', 'T', 'OW0', 'M']","['AE', 'K', 'T', 'IH', 'T', 'OW', 'M']",
148,festomine,PLC,pseudo,long,complex,,7,,"['F', 'EH0', 'S', 'AH0', 'M', 'AY1', 'N']","['F', 'EH', 'S', 'AH', 'M', 'AY', 'N']",
149,appedial,PLC,pseudo,long,complex,,7,,"['AH0', 'P', 'IY1', 'D', 'IY0', 'AH0', 'L']","['AH', 'P', 'IY', 'D', 'IY', 'AH', 'L']",
150,momocal,PLC,pseudo,long,complex,,7,,"['M', 'AA1', 'M', 'AH0', 'K', 'AH0', 'L']","['M', 'AA', 'M', 'AH', 'K', 'AH', 'L']",
151,belenter,PLC,pseudo,long,complex,,7,,"['B', 'EH1', 'L', 'AH0', 'N', 'T', 'ER0']","['B', 'EH', 'L', 'AH', 'N', 'T', 'ER']",
152,univel,PLC,pseudo,long,complex,,7,,"['Y', 'UW1', 'N', 'AH0', 'V', 'AH0', 'L']","['Y', 'UW', 'N', 'AH', 'V', 'AH', 'L']",
153,havices,PLC,pseudo,long,complex,,7,,"['HH', 'AE1', 'V', 'AY0', 'S', 'AH0', 'Z']","['HH', 'AE', 'V', 'AY', 'S', 'AH', 'Z']",
154,anybols,PLC,pseudo,long,complex,,7,,"['EH1', 'N', 'IY0', 'B', 'AO2', 'L', 'Z']","['EH', 'N', 'IY', 'B', 'AO', 'L', 'Z']",
155,decamber,PLC,pseudo,long,complex,,7,,"['D', 'IH0', 'K', 'AE1', 'M', 'B', 'ER0']","['D', 'IH', 'K', 'AE', 'M', 'B', 'ER']",
156,pervicious,PLC,pseudo,long,complex,,7,,"['P', 'ER0', 'V', 'IH1', 'SH', 'AH0', 'S']","['P', 'ER', 'V', 'IH', 'SH', 'AH', 'S']",
157,unledging,PLC,pseudo,long,complex,,7,,"['AH0', 'N', 'L', 'EH1', 'JH', 'IH0', 'NG']","['AH', 'N', 'L', 'EH', 'JH', 'IH', 'NG']",
158,attatings,PLC,pseudo,long,complex,,7,,"['AH0', 'T', 'AE1', 'T', 'IH0', 'NG', 'Z']","['AH', 'T', 'AE', 'T', 'IH', 'NG', 'Z']",
159,opartion,PLC,pseudo,long,complex,,7,,"['AH0', 'P', 'AA1', 'R', 'SH', 'AH0', 'N']","['AH', 'P', 'AA', 'R', 'SH', 'AH', 'N']",
160,retabit,PLC,pseudo,long,complex,,7,,"['R', 'EH0', 'T', 'AE1', 'B', 'IH0', 'T']","['R', 'EH', 'T', 'AE', 'B', 'IH', 'T']",
161,concathy,PLC,pseudo,long,complex,,7,,"['K', 'AH0', 'N', 'K', 'AA1', 'TH', 'IY0']","['K', 'AH', 'N', 'K', 'AA', 'TH', 'IY']",
162,foluted,PLC,pseudo,long,complex,,7,,"['F', 'AH0', 'L', 'UW1', 'T', 'IH0', 'D']","['F', 'AH', 'L', 'UW', 'T', 'IH', 'D']",
163,uneasic,PLC,pseudo,long,complex,,7,,"['Y', 'UW2', 'N', 'IY1', 'Z', 'IH0', 'K']","['Y', 'UW', 'N', 'IY', 'Z', 'IH', 'K']",
164,recauses,PLC,pseudo,long,complex,,7,,"['R', 'IH0', 'K', 'AO1', 'Z', 'IH0', 'Z']","['R', 'IH', 'K', 'AO', 'Z', 'IH', 'Z']",
165,pretral,PLC,pseudo,long,complex,,7,,"['P', 'R', 'IY1', 'T', 'R', 'AH0', 'L']","['P', 'R', 'IY', 'T', 'R', 'AH', 'L']",
166,disreturb,PLC,pseudo,long,complex,,8,,"['D', 'IH0', 'S', 'R', 'IH0', 'T', 'ER1', 'B']","['D', 'IH', 'S', 'R', 'IH', 'T', 'ER', 'B']",
167,reolorize,PLC,pseudo,long,complex,,8,,"['R', 'IY0', 'OW1', 'L', 'ER0', 'R', 'AY2', 'Z']","['R', 'IY', 'OW', 'L', 'ER', 'R', 'AY', 'Z']",
168,miscreeckt,PLC,pseudo,long,complex,,8,,"['M', 'IH0', 'S', 'K', 'R', 'IY1', 'K', 'T']","['M', 'IH', 'S', 'K', 'R', 'IY', 'K', 'T']",
169,truzable,PLC,pseudo,long,complex,,8,,"['T', 'R', 'UW1', 'Z', 'AH0', 'B', 'AH0', 'L']","['T', 'R', 'UW', 'Z', 'AH', 'B', 'AH', 'L']",
170,unwisiter,PLC,pseudo,long,complex,,8,,"['AH0', 'N', 'W', 'IH1', 'Z', 'IH0', 'T', 'ER0']","['AH', 'N', 'W', 'IH', 'Z', 'IH', 'T', 'ER']",
171,overility,PLC,pseudo,long,complex,,8,,"['OW2', 'V', 'ER0', 'IH0', 'L', 'IH1', 'T', 'IY0']","['OW', 'V', 'ER', 'IH', 'L', 'IH', 'T', 'IY']",
172,sumtible,PLC,pseudo,long,complex,,8,,"['S', 'AH1', 'M', 'T', 'AH0', 'B', 'AH0', 'L']","['S', 'AH', 'M', 'T', 'AH', 'B', 'AH', 'L']",
173,unmistade,PLC,pseudo,long,complex,,8,,"['AH1', 'N', 'M', 'IH0', 'S', 'T', 'AE2', 'D']","['AH', 'N', 'M', 'IH', 'S', 'T', 'AE', 'D']",
174,witifully,PLC,pseudo,long,complex,,8,,"['W', 'IH1', 'T', 'IH0', 'F', 'AH0', 'L', 'IY0']","['W', 'IH', 'T', 'IH', 'F', 'AH', 'L', 'IY']",
175,underlity,PLC,pseudo,long,complex,,8,,"['AH0', 'N', 'D', 'ER1', 'L', 'AE0', 'T', 'IY0']","['AH', 'N', 'D', 'ER', 'L', 'AE', 'T', 'IY']",
176,rederlity,PLC,pseudo,long,complex,,8,,"['R', 'EH1', 'D', 'ER0', 'L', 'AH0', 'T', 'IY0']","['R', 'EH', 'D', 'ER', 'L', 'AH', 'T', 'IY']",
177,sprictal,PLC,pseudo,long,complex,,8,,"['S', 'P', 'R', 'IH1', 'K', 'T', 'AA2', 'L']","['S', 'P', 'R', 'IH', 'K', 'T', 'AA', 'L']",
178,unifort,PLC,pseudo,long,complex,,8,,"['Y', 'UW1', 'N', 'IH0', 'F', 'AO2', 'R', 'T']","['Y', 'UW', 'N', 'IH', 'F', 'AO', 'R', 'T']",
179,mistfully,PLC,pseudo,long,complex,,8,,"['M', 'IH1', 'S', 'T', 'F', 'AH0', 'L', 'IY0']","['M', 'IH', 'S', 'T', 'F', 'AH', 'L', 'IY']",
180,dydenist,PLC,pseudo,long,complex,,8,,"['D', 'AY1', 'D', 'AH0', 'N', 'IH0', 'S', 'T']","['D', 'AY', 'D', 'AH', 'N', 'IH', 'S', 'T']",
181,raversold,PLC,pseudo,long,complex,,8,,"['R', 'EY1', 'V', 'ER0', 'S', 'OW0', 'L', 'D']","['R', 'EY', 'V', 'ER', 'S', 'OW', 'L', 'D']",
182,undeflate,PLC,pseudo,long,complex,,8,,"['AH1', 'N', 'D', 'AH0', 'F', 'L', 'EY2', 'T']","['AH', 'N', 'D', 'AH', 'F', 'L', 'EY', 'T']",
183,discreeler,PLC,pseudo,long,complex,,8,,"['D', 'IH0', 'S', 'K', 'R', 'IY1', 'L', 'ER0']","['D', 'IH', 'S', 'K', 'R', 'IY', 'L', 'ER']",
184,pitlessly,PLC,pseudo,long,complex,,8,,"['P', 'IH1', 'T', 'L', 'AH0', 'S', 'L', 'IY0']","['P', 'IH', 'T', 'L', 'AH', 'S', 'L', 'IY']",
185,dishonal,PLC,pseudo,long,complex,,8,,"['D', 'IH1', 'S', 'HH', 'AH0', 'N', 'AH0', 'L']","['D', 'IH', 'S', 'HH', 'AH', 'N', 'AH', 'L']",
186,skringel,PLC,pseudo,long,complex,,8,,"['S', 'K', 'R', 'IH1', 'N', 'G', 'AH0', 'L']","['S', 'K', 'R', 'IH', 'N', 'G', 'AH', 'L']",
187,reinstake,PLC,pseudo,long,complex,,8,,"['R', 'IY2', 'IH0', 'N', 'S', 'T', 'EY1', 'K']","['R', 'IY', 'IH', 'N', 'S', 'T', 'EY', 'K']",
188,sprindly,PLC,pseudo,long,complex,,8,,"['S', 'P', 'R', 'IH1', 'N', 'D', 'L', 'IY0']","['S', 'P', 'R', 'IH', 'N', 'D', 'L', 'IY']",
189,reperpast,PLC,pseudo,long,complex,,8,,"['R', 'EH1', 'P', 'ER0', 'P', 'AH0', 'S', 'T']","['R', 'EH', 'P', 'ER', 'P', 'AH', 'S', 'T']",
190,vulgarist,PLC,pseudo,long,complex,,8,,"['V', 'AH1', 'L', 'G', 'ER0', 'IH0', 'S', 'T']","['V', 'AH', 'L', 'G', 'ER', 'IH', 'S', 'T']",
191,remistate,PLC,pseudo,long,complex,,8,,"['R', 'EH1', 'M', 'AH0', 'S', 'T', 'EY2', 'T']","['R', 'EH', 'M', 'AH', 'S', 'T', 'EY', 'T']",
192,bewistic,PLC,pseudo,long,complex,,8,,"['B', 'IY0', 'W', 'IH1', 'S', 'T', 'IH0', 'K']","['B', 'IY', 'W', 'IH', 'S', 'T', 'IH', 'K']",
193,deodorist,PLC,pseudo,long,complex,,8,,"['D', 'IY1', 'OW0', 'D', 'ER0', 'IH0', 'S', 'T']","['D', 'IY', 'OW', 'D', 'ER', 'IH', 'S', 'T']",
194,strimply,PLC,pseudo,long,complex,,8,,"['S', 'T', 'R', 'IH1', 'M', 'P', 'L', 'IY0']","['S', 'T', 'R', 'IH', 'M', 'P', 'L', 'IY']",
195,womangle,PLC,pseudo,long,complex,,8,,"['W', 'UH1', 'M', 'AH0', 'N', 'G', 'AH0', 'L']","['W', 'UH', 'M', 'AH', 'N', 'G', 'AH', 'L']",
196,redefully,PLC,pseudo,long,complex,,8,,"['R', 'EH1', 'D', 'AH0', 'F', 'AH0', 'L', 'IY0']","['R', 'EH', 'D', 'AH', 'F', 'AH', 'L', 'IY']",
197,sterreact,PLC,pseudo,long,complex,,8,,"['S', 'T', 'EH1', 'R', 'IY0', 'AE2', 'K', 'T']","['S', 'T', 'EH', 'R', 'IY', 'AE', 'K', 'T']",
198,gormalone,PLC,pseudo,long,complex,,8,,"['G', 'AO1', 'R', 'M', 'AH0', 'L', 'OW2', 'N']","['G', 'AO', 'R', 'M', 'AH', 'L', 'OW', 'N']",
199,steriline,PLC,pseudo,long,complex,,8,,"['S', 'T', 'EH1', 'R', 'AH0', 'L', 'IY2', 'N']","['S', 'T', 'EH', 'R', 'AH', 'L', 'IY', 'N']",
200,episident,PLC,pseudo,long,complex,,9,,"['EH0', 'P', 'IH1', 'S', 'IH0', 'D', 'EH0', 'N', 'T']","['EH', 'P', 'IH', 'S', 'IH', 'D', 'EH', 'N', 'T']",
201,deodorism,PLC,pseudo,long,complex,,9,,"['D', 'IY1', 'AH0', 'D', 'R', 'IH2', 'Z', 'AH0', 'M']","['D', 'IY', 'AH', 'D', 'R', 'IH', 'Z', 'AH', 'M']",
202,awarliant,PLC,pseudo,long,complex,,9,,"['AH0', 'W', 'AO1', 'R', 'L', 'IY0', 'AE0', 'N', 'T']","['AH', 'W', 'AO', 'R', 'L', 'IY', 'AE', 'N', 'T']",
203,poildration,PLC,pseudo,long,complex,,9,,"['P', 'OY1', 'L', 'D', 'R', 'EY2', 'SH', 'AH0', 'N']","['P', 'OY', 'L', 'D', 'R', 'EY', 'SH', 'AH', 'N']",
204,wontifics,PLC,pseudo,long,complex,,9,,"['W', 'AH0', 'N', 'T', 'IH1', 'F', 'IH0', 'K', 'S']","['W', 'AH', 'N', 'T', 'IH', 'F', 'IH', 'K', 'S']",
205,advelatine,PLC,pseudo,long,complex,,9,,"['AE0', 'D', 'V', 'EH1', 'L', 'AH0', 'T', 'IY0', 'N']","['AE', 'D', 'V', 'EH', 'L', 'AH', 'T', 'IY', 'N']",
206,traplable,PLC,pseudo,long,complex,,9,,"['T', 'R', 'AE1', 'P', 'L', 'AH0', 'B', 'AH0', 'L']","['T', 'R', 'AE', 'P', 'L', 'AH', 'B', 'AH', 'L']",
207,aladquary,PLC,pseudo,long,complex,,9,,"['AE0', 'L', 'AH1', 'D', 'K', 'W', 'AO0', 'R', 'EY0']","['AE', 'L', 'AH', 'D', 'K', 'W', 'AO', 'R', 'EY']",
208,nomparated,PLC,pseudo,long,complex,,9,,"['N', 'AA1', 'M', 'P', 'ER0', 'EY2', 'T', 'IH0', 'D']","['N', 'AA', 'M', 'P', 'ER', 'EY', 'T', 'IH', 'D']",
209,reodeness,PLC,pseudo,long,complex,,9,,"['R', 'IY1', 'AH0', 'D', 'IY2', 'N', 'S', 'AH0', 'Z']","['R', 'IY', 'AH', 'D', 'IY', 'N', 'S', 'AH', 'Z']",
210,tradinties,PLC,pseudo,long,complex,,9,,"['T', 'R', 'AE1', 'D', 'AH0', 'N', 'T', 'IY0', 'Z']","['T', 'R', 'AE', 'D', 'AH', 'N', 'T', 'IY', 'Z']",
211,ownestrand,PLC,pseudo,long,complex,,9,,"['OW1', 'N', 'AH0', 'S', 'T', 'R', 'AE2', 'N', 'D']","['OW', 'N', 'AH', 'S', 'T', 'R', 'AE', 'N', 'D']",
212,coliciely,PLC,pseudo,long,complex,,9,,"['K', 'AH0', 'L', 'IH1', 'S', 'IY0', 'AH0', 'L', 'IY0']","['K', 'AH', 'L', 'IH', 'S', 'IY', 'AH', 'L', 'IY']",
213,exclural,PLC,pseudo,long,complex,,9,,"['EH1', 'K', 'S', 'K', 'L', 'UH1', 'R', 'AA0', 'L']","['EH', 'K', 'S', 'K', 'L', 'UH', 'R', 'AA', 'L']",
214,misembody,PLC,pseudo,long,complex,,9,,"['M', 'IH0', 'S', 'AH0', 'M', 'B', 'EY1', 'D', 'IY0']","['M', 'IH', 'S', 'AH', 'M', 'B', 'EY', 'D', 'IY']",
215,reodenest,PLC,pseudo,long,complex,,9,,"['R', 'IY2', 'OW0', 'D', 'EH1', 'N', 'AH0', 'S', 'T']","['R', 'IY', 'OW', 'D', 'EH', 'N', 'AH', 'S', 'T']",
216,havivited,PLC,pseudo,long,complex,,9,,"['HH', 'AE1', 'V', 'AH0', 'V', 'EY2', 'T', 'IH0', 'D']","['HH', 'AE', 'V', 'AH', 'V', 'EY', 'T', 'IH', 'D']",
217,tensenest,PLC,pseudo,long,complex,,9,,"['T', 'EH1', 'N', 'S', 'AH0', 'N', 'AH0', 'S', 'T']","['T', 'EH', 'N', 'S', 'AH', 'N', 'AH', 'S', 'T']",
218,entiquary,PLC,pseudo,long,complex,,9,,"['EH0', 'N', 'T', 'IH1', 'K', 'W', 'AA2', 'R', 'IY0']","['EH', 'N', 'T', 'IH', 'K', 'W', 'AA', 'R', 'IY']",
219,vesernated,PLC,pseudo,long,complex,,9,,"['V', 'EH1', 'S', 'ER0', 'N', 'EY2', 'T', 'IH0', 'D']","['V', 'EH', 'S', 'ER', 'N', 'EY', 'T', 'IH', 'D']",
220,uniforist,PLC,pseudo,long,complex,,9,,"['Y', 'UW1', 'N', 'AH0', 'F', 'AO2', 'R', 'S', 'T']","['Y', 'UW', 'N', 'AH', 'F', 'AO', 'R', 'S', 'T']",
221,winyufact,PLC,pseudo,long,complex,,9,,"['W', 'IH1', 'N', 'Y', 'UW0', 'F', 'AE2', 'K', 'T']","['W', 'IH', 'N', 'Y', 'UW', 'F', 'AE', 'K', 'T']",
222,explific,PLC,pseudo,long,complex,,9,,"['EH0', 'K', 'S', 'P', 'L', 'IH1', 'F', 'IH0', 'K']","['EH', 'K', 'S', 'P', 'L', 'IH', 'F', 'IH', 'K']",
223,deoutsell,PLC,pseudo,long,complex,,9,,"['D', 'EH1', 'T', 'W', 'AH0', 'S', 'T', 'AH0', 'L']","['D', 'EH', 'T', 'W', 'AH', 'S', 'T', 'AH', 'L']",
224,deodeness,PLC,pseudo,long,complex,,9,,"['D', 'IY1', 'D', 'AH0', 'N', 'IH2', 'S', 'AH0', 'Z']","['D', 'IY', 'D', 'AH', 'N', 'IH', 'S', 'AH', 'Z']",
225,puzuking,PLC,pseudo,long,complex,,9,,"['P', 'Y', 'UW1', 'Z', 'K', 'IH0', 'V', 'IH0', 'NG']","['P', 'Y', 'UW', 'Z', 'K', 'IH', 'V', 'IH', 'NG']",
226,countriand,PLC,pseudo,long,complex,,9,,"['K', 'AA1', 'N', 'T', 'R', 'IY0', 'AH0', 'N', 'D']","['K', 'AA', 'N', 'T', 'R', 'IY', 'AH', 'N', 'D']",
227,botinsled,PLC,pseudo,long,complex,,9,,"['B', 'OW1', 'T', 'IH0', 'N', 'S', 'L', 'EH2', 'D']","['B', 'OW', 'T', 'IH', 'N', 'S', 'L', 'EH', 'D']",
228,deliaumnal,PLC,pseudo,long,complex,,9,,"['D', 'EH1', 'L', 'IY0', 'AH0', 'M', 'N', 'AH0', 'L']","['D', 'EH', 'L', 'IY', 'AH', 'M', 'N', 'AH', 'L']",
229,invoribute,PLC,pseudo,long,complex,,9,,"['IH0', 'N', 'V', 'AO1', 'R', 'AH0', 'B', 'AH0', 'T']","['IH', 'N', 'V', 'AO', 'R', 'AH', 'B', 'AH', 'T']",
230,unfornity,PLC,pseudo,long,complex,,9,,"['AH0', 'N', 'F', 'AO1', 'R', 'N', 'IH0', 'T', 'IY0']","['AH', 'N', 'F', 'AO', 'R', 'N', 'IH', 'T', 'IY']",
231,didamplate,PLC,pseudo,long,complex,,9,,"['D', 'IH1', 'D', 'AH0', 'M', 'P', 'L', 'EY2', 'T']","['D', 'IH', 'D', 'AH', 'M', 'P', 'L', 'EY', 'T']",
232,weirdnest,PLC,pseudo,long,complex,,9,,"['W', 'ER1', 'D', 'AH0', 'N', 'S', 'T', 'AH0', 'T']","['W', 'ER', 'D', 'AH', 'N', 'S', 'T', 'AH', 'T']",
233,yug,PSS,pseudo,short,simple,,3,,"['Y', 'AH1', 'G']","['Y', 'AH', 'G']",
234,dop,PSS,pseudo,short,simple,,3,,"['D', 'AA1', 'P']","['D', 'AA', 'P']",
235,fed,PSS,pseudo,short,simple,,3,,"['F', 'EH1', 'D']","['F', 'EH', 'D']",
236,fut,PSS,pseudo,short,simple,,3,,"['F', 'AH1', 'T']","['F', 'AH', 'T']",
237,wid,PSS,pseudo,short,simple,,3,,"['W', 'IH1', 'D']","['W', 'IH', 'D']",
238,tob,PSS,pseudo,short,simple,,3,,"['T', 'AA1', 'B']","['T', 'AA', 'B']",
239,asy,PSS,pseudo,short,simple,,3,,"['EY1', 'S', 'IY0']","['EY', 'S', 'IY']",
240,dav,PSS,pseudo,short,simple,,3,,"['D', 'AA1', 'V']","['D', 'AA', 'V']",
241,terth,PSS,pseudo,short,simple,,3,,"['T', 'ER1', 'DH']","['T', 'ER', 'DH']",
242,jerf,PSS,pseudo,short,simple,,3,,"['JH', 'ER1', 'F']","['JH', 'ER', 'F']",
243,tog,PSS,pseudo,short,simple,,3,,"['T', 'AO1', 'G']","['T', 'AO', 'G']",
244,mim,PSS,pseudo,short,simple,,3,,"['M', 'IH1', 'M']","['M', 'IH', 'M']",
245,thurse,PSS,pseudo,short,simple,,3,,"['TH', 'ER1', 'S']","['TH', 'ER', 'S']",
246,fug,PSS,pseudo,short,simple,,3,,"['F', 'AH1', 'G']","['F', 'AH', 'G']",
247,clow,PSS,pseudo,short,simple,,3,,"['K', 'L', 'OW1']","['K', 'L', 'OW']",
248,gerf,PSS,pseudo,short,simple,,3,,"['G', 'ER1', 'F']","['G', 'ER', 'F']",
249,choune,PSS,pseudo,short,simple,,3,,"['CH', 'UW1', 'N']","['CH', 'UW', 'N']",
250,shoide,PSS,pseudo,short,simple,,3,,"['SH', 'OY1', 'D']","['SH', 'OY', 'D']",
251,spee,PSS,pseudo,short,simple,,3,,"['S', 'P', 'IY1']","['S', 'P', 'IY']",
252,mun,PSS,pseudo,short,simple,,3,,"['M', 'AH1', 'N']","['M', 'AH', 'N']",
253,frew,PSS,pseudo,short,simple,,3,,"['F', 'R', 'UW1']","['F', 'R', 'UW']",
254,poin,PSS,pseudo,short,simple,,3,,"['P', 'OY1', 'N']","['P', 'OY', 'N']",
255,pash,PSS,pseudo,short,simple,,3,,"['P', 'AE1', 'SH']","['P', 'AE', 'SH']",
256,pook,PSS,pseudo,short,simple,,3,,"['P', 'UH1', 'K']","['P', 'UH', 'K']",
257,zom,PSS,pseudo,short,simple,,3,,"['Z', 'AA1', 'M']","['Z', 'AA', 'M']",
258,vin,PSS,pseudo,short,simple,,3,,"['V', 'IH1', 'N']","['V', 'IH', 'N']",
259,bia,PSS,pseudo,short,simple,,3,,"['B', 'IY1', 'AH0']","['B', 'IY', 'AH']",
260,vid,PSS,pseudo,short,simple,,3,,"['V', 'IH1', 'D']","['V', 'IH', 'D']",
261,thowl,PSS,pseudo,short,simple,,3,,"['TH', 'OW1', 'L']","['TH', 'OW', 'L']",
262,thet,PSS,pseudo,short,simple,,3,,"['TH', 'EH1', 'T']","['TH', 'EH', 'T']",
263,puz,PSS,pseudo,short,simple,,3,,"['P', 'UH1', 'Z']","['P', 'UH', 'Z']",
264,mus,PSS,pseudo,short,simple,,3,,"['M', 'AH1', 'S']","['M', 'AH', 'S']",
265,vig,PSS,pseudo,short,simple,,3,,"['V', 'IH1', 'G']","['V', 'IH', 'G']",
266,shend,PSS,pseudo,short,simple,,4,,"['SH', 'EH1', 'N', 'D']","['SH', 'EH', 'N', 'D']",
267,clore,PSS,pseudo,short,simple,,4,,"['K', 'L', 'AO1', 'R']","['K', 'L', 'AO', 'R']",
268,pren,PSS,pseudo,short,simple,,4,,"['P', 'R', 'EH1', 'N']","['P', 'R', 'EH', 'N']",
269,frel,PSS,pseudo,short,simple,,4,,"['F', 'R', 'EH1', 'L']","['F', 'R', 'EH', 'L']",
270,eitchon,PSS,pseudo,short,simple,,4,,"['AY1', 'CH', 'AH0', 'N']","['AY', 'CH', 'AH', 'N']",
271,eshing,PSS,pseudo,short,simple,,4,,"['EH1', 'SH', 'IH0', 'NG']","['EH', 'SH', 'IH', 'NG']",
272,plar,PSS,pseudo,short,simple,,4,,"['P', 'L', 'AA1', 'R']","['P', 'L', 'AA', 'R']",
273,thoulah,PSS,pseudo,short,simple,,4,,"['TH', 'UW1', 'L', 'AH0']","['TH', 'UW', 'L', 'AH']",
274,wessau,PSS,pseudo,short,simple,,4,,"['W', 'EH1', 'S', 'OW0']","['W', 'EH', 'S', 'OW']",
275,prig,PSS,pseudo,short,simple,,4,,"['P', 'R', 'IH1', 'G']","['P', 'R', 'IH', 'G']",
276,pharl,PSS,pseudo,short,simple,,4,,"['F', 'AA1', 'R', 'L']","['F', 'AA', 'R', 'L']",
277,oppard,PSS,pseudo,short,simple,,4,,"['AA0', 'P', 'ER1', 'D']","['AA', 'P', 'ER', 'D']",
278,strugh,PSS,pseudo,short,simple,,4,,"['S', 'T', 'R', 'UW1']","['S', 'T', 'R', 'UW']",
279,horm,PSS,pseudo,short,simple,,4,,"['HH', 'AO1', 'R', 'M']","['HH', 'AO', 'R', 'M']",
280,sallar,PSS,pseudo,short,simple,,4,,"['S', 'AE1', 'L', 'ER0']","['S', 'AE', 'L', 'ER']",
281,aurick,PSS,pseudo,short,simple,,4,,"['AO1', 'R', 'IH0', 'K']","['AO', 'R', 'IH', 'K']",
282,porl,PSS,pseudo,short,simple,,4,,"['P', 'AO1', 'R', 'L']","['P', 'AO', 'R', 'L']",
283,cruss,PSS,pseudo,short,simple,,4,,"['K', 'R', 'AH1', 'S']","['K', 'R', 'AH', 'S']",
284,ando,PSS,pseudo,short,simple,,4,,"['AE1', 'N', 'D', 'OW0']","['AE', 'N', 'D', 'OW']",
285,opir,PSS,pseudo,short,simple,,4,,"['OW0', 'P', 'EH1', 'R']","['OW', 'P', 'EH', 'R']",
286,fress,PSS,pseudo,short,simple,,4,,"['F', 'R', 'EH1', 'S']","['F', 'R', 'EH', 'S']",
287,heacte,PSS,pseudo,short,simple,,4,,"['HH', 'EH1', 'K', 'T']","['HH', 'EH', 'K', 'T']",
288,smag,PSS,pseudo,short,simple,,4,,"['S', 'M', 'AE1', 'G']","['S', 'M', 'AE', 'G']",
289,cangue,PSS,pseudo,short,simple,,4,,"['K', 'AE1', 'NG', 'G']","['K', 'AE', 'NG', 'G']",
290,clidge,PSS,pseudo,short,simple,,4,,"['K', 'L', 'IH1', 'JH']","['K', 'L', 'IH', 'JH']",
291,nobere,PSS,pseudo,short,simple,,4,,"['N', 'OW1', 'B', 'ER0']","['N', 'OW', 'B', 'ER']",
292,thount,PSS,pseudo,short,simple,,4,,"['TH', 'AW1', 'N', 'T']","['TH', 'AW', 'N', 'T']",
293,stut,PSS,pseudo,short,simple,,4,,"['S', 'T', 'AH1', 'T']","['S', 'T', 'AH', 'T']",
294,plass,PSS,pseudo,short,simple,,4,,"['P', 'L', 'AE1', 'S']","['P', 'L', 'AE', 'S']",
295,knound,PSS,pseudo,short,simple,,4,,"['N', 'AW1', 'N', 'D']","['N', 'AW', 'N', 'D']",
296,tungth,PSS,pseudo,short,simple,,4,,"['T', 'AH1', 'NG', 'TH']","['T', 'AH', 'NG', 'TH']",
297,traime,PSS,pseudo,short,simple,,4,,"['T', 'R', 'EY1', 'M']","['T', 'R', 'EY', 'M']",
298,swit,PSS,pseudo,short,simple,,4,,"['S', 'W', 'IH1', 'T']","['S', 'W', 'IH', 'T']",
299,agai,PSS,pseudo,short,simple,,4,,"['AH0', 'G', 'AA1', 'IY0']","['AH', 'G', 'AA', 'IY']",
300,surkine,PSS,pseudo,short,simple,,5,,"['S', 'ER1', 'K', 'AY0', 'N']","['S', 'ER', 'K', 'AY', 'N']",
301,oriva,PSS,pseudo,short,simple,,5,,"['AO0', 'R', 'IY1', 'V', 'AH0']","['AO', 'R', 'IY', 'V', 'AH']",
302,fesig,PSS,pseudo,short,simple,,5,,"['F', 'EH1', 'S', 'IH0', 'G']","['F', 'EH', 'S', 'IH', 'G']",
303,otroa,PSS,pseudo,short,simple,,5,,"['AW0', 'T', 'R', 'OW1', 'AH0']","['AW', 'T', 'R', 'OW', 'AH']",
304,mussid,PSS,pseudo,short,simple,,5,,"['M', 'AH1', 'S', 'IH0', 'D']","['M', 'AH', 'S', 'IH', 'D']",
305,basire,PSS,pseudo,short,simple,,5,,"['B', 'AH0', 'S', 'IY1', 'R']","['B', 'AH', 'S', 'IY', 'R']",
306,smazi,PSS,pseudo,short,simple,,5,,"['S', 'M', 'AA1', 'Z', 'IY0']","['S', 'M', 'AA', 'Z', 'IY']",
307,sithro,PSS,pseudo,short,simple,,5,,"['S', 'IH1', 'TH', 'R', 'OW0']","['S', 'IH', 'TH', 'R', 'OW']",
308,euris,PSS,pseudo,short,simple,,5,,"['Y', 'UW1', 'R', 'IH0', 'S']","['Y', 'UW', 'R', 'IH', 'S']",
309,naudin,PSS,pseudo,short,simple,,5,,"['N', 'AO1', 'D', 'IH0', 'N']","['N', 'AO', 'D', 'IH', 'N']",
310,telide,PSS,pseudo,short,simple,,5,,"['T', 'EH0', 'L', 'AY1', 'D']","['T', 'EH', 'L', 'AY', 'D']",
311,churact,PSS,pseudo,short,simple,,5,,"['CH', 'ER0', 'AE1', 'K', 'T']","['CH', 'ER', 'AE', 'K', 'T']",
312,althod,PSS,pseudo,short,simple,,5,,"['AE1', 'L', 'TH', 'AH0', 'D']","['AE', 'L', 'TH', 'AH', 'D']",
313,nethio,PSS,pseudo,short,simple,,5,,"['N', 'EH1', 'TH', 'IY0', 'OW0']","['N', 'EH', 'TH', 'IY', 'OW']",
314,speeho,PSS,pseudo,short,simple,,5,,"['S', 'P', 'IY1', 'HH', 'OW0']","['S', 'P', 'IY', 'HH', 'OW']",
315,favig,PSS,pseudo,short,simple,,5,,"['F', 'AA1', 'V', 'IH0', 'G']","['F', 'AA', 'V', 'IH', 'G']",
316,addrol,PSS,pseudo,short,simple,,5,,"['AE1', 'D', 'R', 'AH0', 'L']","['AE', 'D', 'R', 'AH', 'L']",
317,anaha,PSS,pseudo,short,simple,,5,,"['AE1', 'N', 'AH0', 'HH', 'AA2']","['AE', 'N', 'AH', 'HH', 'AA']",
318,hercene,PSS,pseudo,short,simple,,5,,"['HH', 'ER1', 'S', 'IY0', 'N']","['HH', 'ER', 'S', 'IY', 'N']",
319,pothol,PSS,pseudo,short,simple,,5,,"['P', 'AA1', 'TH', 'AH0', 'L']","['P', 'AA', 'TH', 'AH', 'L']",
320,sommis,PSS,pseudo,short,simple,,5,,"['S', 'AA1', 'M', 'IH0', 'S']","['S', 'AA', 'M', 'IH', 'S']",
321,durdin,PSS,pseudo,short,simple,,5,,"['D', 'ER1', 'D', 'IH0', 'N']","['D', 'ER', 'D', 'IH', 'N']",
322,estit,PSS,pseudo,short,simple,,5,,"['EH1', 'S', 'T', 'IH0', 'T']","['EH', 'S', 'T', 'IH', 'T']",
323,govior,PSS,pseudo,short,simple,,5,,"['G', 'OW1', 'V', 'Y', 'ER0']","['G', 'OW', 'V', 'Y', 'ER']",
324,slosp,PSS,pseudo,short,simple,,5,,"['S', 'L', 'AA1', 'S', 'P']","['S', 'L', 'AA', 'S', 'P']",
325,thapet,PSS,pseudo,short,simple,,5,,"['TH', 'AE1', 'P', 'AH0', 'T']","['TH', 'AE', 'P', 'AH', 'T']",
326,happos,PSS,pseudo,short,simple,,5,,"['HH', 'AE1', 'P', 'OW0', 'Z']","['HH', 'AE', 'P', 'OW', 'Z']",
327,fackda,PSS,pseudo,short,simple,,5,,"['F', 'AE1', 'K', 'D', 'AH0']","['F', 'AE', 'K', 'D', 'AH']",
328,waffit,PSS,pseudo,short,simple,,5,,"['W', 'AA1', 'F', 'IH0', 'T']","['W', 'AA', 'F', 'IH', 'T']",
329,motac,PSS,pseudo,short,simple,,5,,"['M', 'OW1', 'T', 'AH0', 'K']","['M', 'OW', 'T', 'AH', 'K']",
330,dimeth,PSS,pseudo,short,simple,,5,,"['D', 'IH1', 'M', 'IH0', 'TH']","['D', 'IH', 'M', 'IH', 'TH']",
331,mellem,PSS,pseudo,short,simple,,5,,"['M', 'EH1', 'L', 'IH0', 'M']","['M', 'EH', 'L', 'IH', 'M']",
332,seget,PSS,pseudo,short,simple,,5,,"['S', 'EH1', 'G', 'IH0', 'T']","['S', 'EH', 'G', 'IH', 'T']",
333,sinempt,PLS,pseudo,long,simple,,7,,"['S', 'IH1', 'N', 'AH0', 'M', 'P', 'T']","['S', 'IH', 'N', 'AH', 'M', 'P', 'T']",
334,admilaire,PLS,pseudo,long,simple,,7,,"['AE1', 'D', 'M', 'AH0', 'L', 'EH2', 'R']","['AE', 'D', 'M', 'AH', 'L', 'EH', 'R']",
335,shosequin,PLS,pseudo,long,simple,,7,,"['SH', 'OW1', 'S', 'K', 'W', 'IH0', 'N']","['SH', 'OW', 'S', 'K', 'W', 'IH', 'N']",
336,thamises,PLS,pseudo,long,simple,,7,,"['TH', 'AE1', 'M', 'AH0', 'S', 'AH0', 'Z']","['TH', 'AE', 'M', 'AH', 'S', 'AH', 'Z']",
337,hunfict,PLS,pseudo,long,simple,,7,,"['HH', 'AH0', 'N', 'F', 'IH1', 'K', 'T']","['HH', 'AH', 'N', 'F', 'IH', 'K', 'T']",
338,winagen,PLS,pseudo,long,simple,,7,,"['W', 'IH1', 'N', 'AH0', 'G', 'AH0', 'N']","['W', 'IH', 'N', 'AH', 'G', 'AH', 'N']",
339,hasiden,PLS,pseudo,long,simple,,7,,"['HH', 'AE1', 'Z', 'IH0', 'D', 'AH0', 'N']","['HH', 'AE', 'Z', 'IH', 'D', 'AH', 'N']",
340,manketa,PLS,pseudo,long,simple,,7,,"['M', 'AE0', 'N', 'K', 'EH1', 'T', 'AH0']","['M', 'AE', 'N', 'K', 'EH', 'T', 'AH']",
341,dristive,PLS,pseudo,long,simple,,7,,"['D', 'R', 'IH1', 'S', 'T', 'IH0', 'V']","['D', 'R', 'IH', 'S', 'T', 'IH', 'V']",
342,gazakin,PLS,pseudo,long,simple,,7,,"['G', 'AE1', 'Z', 'AH0', 'K', 'IH0', 'N']","['G', 'AE', 'Z', 'AH', 'K', 'IH', 'N']",
343,rananut,PLS,pseudo,long,simple,,7,,"['R', 'AE1', 'N', 'AH0', 'N', 'AH2', 'T']","['R', 'AE', 'N', 'AH', 'N', 'AH', 'T']",
344,eurtiance,PLS,pseudo,long,simple,,7,,"['Y', 'UH1', 'R', 'SH', 'AH0', 'N', 'S']","['Y', 'UH', 'R', 'SH', 'AH', 'N', 'S']",
345,plexan,PLS,pseudo,long,simple,,7,,"['P', 'L', 'EH1', 'K', 'S', 'AH0', 'N']","['P', 'L', 'EH', 'K', 'S', 'AH', 'N']",
346,namsessi,PLS,pseudo,long,simple,,7,,"['N', 'AA0', 'M', 'S', 'EH1', 'S', 'IY0']","['N', 'AA', 'M', 'S', 'EH', 'S', 'IY']",
347,onlatin,PLS,pseudo,long,simple,,7,,"['AA1', 'N', 'L', 'AH0', 'T', 'IH0', 'N']","['AA', 'N', 'L', 'AH', 'T', 'IH', 'N']",
348,huxice,PLS,pseudo,long,simple,,7,,"['HH', 'AH1', 'K', 'S', 'IH0', 'K', 'S']","['HH', 'AH', 'K', 'S', 'IH', 'K', 'S']",
349,relorma,PLS,pseudo,long,simple,,7,,"['R', 'IH0', 'L', 'AO1', 'R', 'M', 'AH0']","['R', 'IH', 'L', 'AO', 'R', 'M', 'AH']",
350,idstary,PLS,pseudo,long,simple,,7,,"['AY1', 'D', 'S', 'T', 'EH2', 'R', 'IY0']","['AY', 'D', 'S', 'T', 'EH', 'R', 'IY']",
351,conermate,PLS,pseudo,long,simple,,7,,"['K', 'OW1', 'N', 'ER0', 'M', 'EY2', 'T']","['K', 'OW', 'N', 'ER', 'M', 'EY', 'T']",
352,jumethena,PLS,pseudo,long,simple,,7,,"['JH', 'UW1', 'M', 'TH', 'IY0', 'N', 'AE']","['JH', 'UW', 'M', 'TH', 'IY', 'N', 'AE']",
353,inturshle,PLS,pseudo,long,simple,,7,,"['IH0', 'N', 'T', 'ER1', 'CH', 'AH0', 'L']","['IH', 'N', 'T', 'ER', 'CH', 'AH', 'L']",
354,taxond,PLS,pseudo,long,simple,,7,,"['T', 'AE1', 'K', 'S', 'AH0', 'N', 'D']","['T', 'AE', 'K', 'S', 'AH', 'N', 'D']",
355,aslatif,PLS,pseudo,long,simple,,7,,"['AH0', 'S', 'L', 'AH1', 'T', 'IH0', 'F']","['AH', 'S', 'L', 'AH', 'T', 'IH', 'F']",
356,liscuse,PLS,pseudo,long,simple,,7,,"['L', 'IH0', 'S', 'K', 'Y', 'UW1', 'S']","['L', 'IH', 'S', 'K', 'Y', 'UW', 'S']",
357,lifflica,PLS,pseudo,long,simple,,7,,"['L', 'IH0', 'F', 'L', 'IH1', 'K', 'AH0']","['L', 'IH', 'F', 'L', 'IH', 'K', 'AH']",
358,durivat,PLS,pseudo,long,simple,,7,,"['D', 'UH0', 'R', 'IY1', 'V', 'AH0', 'T']","['D', 'UH', 'R', 'IY', 'V', 'AH', 'T']",
359,grovion,PLS,pseudo,long,simple,,7,,"['G', 'R', 'OW1', 'V', 'IY0', 'AH0', 'N']","['G', 'R', 'OW', 'V', 'IY', 'AH', 'N']",
360,togento,PLS,pseudo,long,simple,,7,,"['T', 'OW0', 'JH', 'EH1', 'N', 'T', 'OW0']","['T', 'OW', 'JH', 'EH', 'N', 'T', 'OW']",
361,limillit,PLS,pseudo,long,simple,,7,,"['L', 'IH1', 'M', 'AH0', 'L', 'AH0', 'T']","['L', 'IH', 'M', 'AH', 'L', 'AH', 'T']",
362,chalicia,PLS,pseudo,long,simple,,7,,"['CH', 'AH0', 'L', 'IH1', 'S', 'IY0', 'AH0']","['CH', 'AH', 'L', 'IH', 'S', 'IY', 'AH']",
363,memagor,PLS,pseudo,long,simple,,7,,"['M', 'EH1', 'M', 'AH0', 'G', 'AO2', 'R']","['M', 'EH', 'M', 'AH', 'G', 'AO', 'R']",
364,contring,PLS,pseudo,long,simple,,7,,"['K', 'AA1', 'N', 'T', 'R', 'IH0', 'NG']","['K', 'AA', 'N', 'T', 'R', 'IH', 'NG']",
365,orgaral,PLS,pseudo,long,simple,,7,,"['AO0', 'R', 'G', 'AA1', 'R', 'AH0', 'L']","['AO', 'R', 'G', 'AA', 'R', 'AH', 'L']",
366,fillialis,PLS,pseudo,long,simple,,8,,"['F', 'IH0', 'L', 'AY1', 'AH0', 'L', 'AH0', 'S']","['F', 'IH', 'L', 'AY', 'AH', 'L', 'AH', 'S']",
367,cassitana,PLS,pseudo,long,simple,,8,,"['K', 'AE2', 'S', 'AH0', 'T', 'EY1', 'N', 'AH0']","['K', 'AE', 'S', 'AH', 'T', 'EY', 'N', 'AH']",
368,jospitim,PLS,pseudo,long,simple,,8,,"['JH', 'AA1', 'S', 'P', 'IH0', 'T', 'IH2', 'M']","['JH', 'AA', 'S', 'P', 'IH', 'T', 'IH', 'M']",
369,gosidend,PLS,pseudo,long,simple,,8,,"['G', 'AA1', 'S', 'IH0', 'D', 'AH0', 'N', 'D']","['G', 'AA', 'S', 'IH', 'D', 'AH', 'N', 'D']",
370,pourcrary,PLS,pseudo,long,simple,,8,,"['P', 'UH1', 'R', 'K', 'R', 'EH2', 'R', 'IY0']","['P', 'UH', 'R', 'K', 'R', 'EH', 'R', 'IY']",
371,thaninent,PLS,pseudo,long,simple,,8,,"['TH', 'AE1', 'N', 'IH0', 'N', 'AH0', 'N', 'T']","['TH', 'AE', 'N', 'IH', 'N', 'AH', 'N', 'T']",
372,secerold,PLS,pseudo,long,simple,,8,,"['S', 'EH1', 'S', 'IH0', 'R', 'OW2', 'L', 'D']","['S', 'EH', 'S', 'IH', 'R', 'OW', 'L', 'D']",
373,mastrence,PLS,pseudo,long,simple,,8,,"['M', 'AE1', 'S', 'T', 'R', 'AH0', 'N', 'S']","['M', 'AE', 'S', 'T', 'R', 'AH', 'N', 'S']",
374,sennicant,PLS,pseudo,long,simple,,8,,"['S', 'EH1', 'N', 'IH0', 'K', 'AH0', 'N', 'T']","['S', 'EH', 'N', 'IH', 'K', 'AH', 'N', 'T']",
375,senversan,PLS,pseudo,long,simple,,8,,"['S', 'EH1', 'N', 'V', 'ER0', 'S', 'AH0', 'N']","['S', 'EH', 'N', 'V', 'ER', 'S', 'AH', 'N']",
376,vioxida,PLS,pseudo,long,simple,,8,,"['V', 'IY0', 'OW1', 'K', 'S', 'IH0', 'D', 'AH0']","['V', 'IY', 'OW', 'K', 'S', 'IH', 'D', 'AH']",
377,junnspand,PLS,pseudo,long,simple,,8,,"['JH', 'AH1', 'N', 'S', 'P', 'AE2', 'N', 'D']","['JH', 'AH', 'N', 'S', 'P', 'AE', 'N', 'D']",
378,sertratin,PLS,pseudo,long,simple,,8,,"['S', 'ER1', 'T', 'R', 'AH0', 'T', 'AH0', 'N']","['S', 'ER', 'T', 'R', 'AH', 'T', 'AH', 'N']",
379,marbabus,PLS,pseudo,long,simple,,8,,"['M', 'AA1', 'R', 'B', 'AH0', 'B', 'AH0', 'S']","['M', 'AA', 'R', 'B', 'AH', 'B', 'AH', 'S']",
380,stropent,PLS,pseudo,long,simple,,8,,"['S', 'T', 'R', 'OW1', 'P', 'AH0', 'N', 'T']","['S', 'T', 'R', 'OW', 'P', 'AH', 'N', 'T']",
381,himbrion,PLS,pseudo,long,simple,,8,,"['HH', 'IH1', 'M', 'B', 'R', 'IY0', 'AH0', 'N']","['HH', 'IH', 'M', 'B', 'R', 'IY', 'AH', 'N']",
382,advioneys,PLS,pseudo,long,simple,,8,,"['AE0', 'D', 'V', 'IY1', 'OW0', 'N', 'IY0', 'Z']","['AE', 'D', 'V', 'IY', 'OW', 'N', 'IY', 'Z']",
383,lastomen,PLS,pseudo,long,simple,,8,,"['L', 'AE1', 'S', 'T', 'AH0', 'M', 'AH0', 'N']","['L', 'AE', 'S', 'T', 'AH', 'M', 'AH', 'N']",
384,curroxima,PLS,pseudo,long,simple,,8,,"['K', 'ER0', 'AH0', 'K', 'S', 'IY1', 'M', 'AH0']","['K', 'ER', 'AH', 'K', 'S', 'IY', 'M', 'AH']",
385,comilary,PLS,pseudo,long,simple,,8,,"['K', 'AA1', 'M', 'AH0', 'L', 'EH2', 'R', 'IY0']","['K', 'AA', 'M', 'AH', 'L', 'EH', 'R', 'IY']",
386,trefflont,PLS,pseudo,long,simple,,8,,"['T', 'R', 'EH1', 'F', 'L', 'AH0', 'N', 'T']","['T', 'R', 'EH', 'F', 'L', 'AH', 'N', 'T']",
387,cassibure,PLS,pseudo,long,simple,,8,,"['K', 'AE1', 'S', 'IH0', 'B', 'Y', 'UW2', 'R']","['K', 'AE', 'S', 'IH', 'B', 'Y', 'UW', 'R']",
388,havolviss,PLS,pseudo,long,simple,,8,,"['HH', 'AE1', 'V', 'AH0', 'L', 'V', 'IH0', 'S']","['HH', 'AE', 'V', 'AH', 'L', 'V', 'IH', 'S']",
389,pollinally,PLS,pseudo,long,simple,,8,,"['P', 'AA1', 'L', 'AH0', 'N', 'AH0', 'L', 'IY0']","['P', 'AA', 'L', 'AH', 'N', 'AH', 'L', 'IY']",
390,turforia,PLS,pseudo,long,simple,,8,,"['T', 'UH0', 'R', 'F', 'AO1', 'R', 'IY0', 'AH0']","['T', 'UH', 'R', 'F', 'AO', 'R', 'IY', 'AH']",
391,cloballis,PLS,pseudo,long,simple,,8,,"['K', 'L', 'OW1', 'B', 'AH0', 'L', 'IH0', 'S']","['K', 'L', 'OW', 'B', 'AH', 'L', 'IH', 'S']",
392,lonflity,PLS,pseudo,long,simple,,8,,"['L', 'AA1', 'N', 'F', 'L', 'IH2', 'T', 'IY0']","['L', 'AA', 'N', 'F', 'L', 'IH', 'T', 'IY']",
393,tasdolyme,PLS,pseudo,long,simple,,8,,"['T', 'AE1', 'Z', 'D', 'AH0', 'L', 'AY2', 'M']","['T', 'AE', 'Z', 'D', 'AH', 'L', 'AY', 'M']",
394,anximath,PLS,pseudo,long,simple,,8,,"['AE0', 'NG', 'K', 'S', 'IH1', 'M', 'AH0', 'TH']","['AE', 'NG', 'K', 'S', 'IH', 'M', 'AH', 'TH']",
395,haptonos,PLS,pseudo,long,simple,,8,,"['HH', 'AE1', 'P', 'T', 'OW0', 'N', 'OW2', 'Z']","['HH', 'AE', 'P', 'T', 'OW', 'N', 'OW', 'Z']",
396,fregilis,PLS,pseudo,long,simple,,8,,"['F', 'R', 'EH0', 'JH', 'IH1', 'L', 'IH0', 'S']","['F', 'R', 'EH', 'JH', 'IH', 'L', 'IH', 'S']",
397,regartal,PLS,pseudo,long,simple,,8,,"['R', 'IH0', 'G', 'AA1', 'R', 'T', 'AH0', 'L']","['R', 'IH', 'G', 'AA', 'R', 'T', 'AH', 'L']",
398,sponzent,PLS,pseudo,long,simple,,8,,"['S', 'P', 'AA1', 'N', 'Z', 'AH0', 'N', 'T']","['S', 'P', 'AA', 'N', 'Z', 'AH', 'N', 'T']",
399,pashibled,PLS,pseudo,long,simple,,8,,"['P', 'AE1', 'SH', 'AH0', 'B', 'AH0', 'L', 'D']","['P', 'AE', 'SH', 'AH', 'B', 'AH', 'L', 'D']",
